key,label,category,in_frontend_catalog,backend_literal_references_NOT_proof_of_enforcement,frontend_literal_references
departments.view,مشاهده دپارتمان‌ها,departments,True,backend/app/Http/Controllers/Api/V1/DamAssetController.php:243; backend/app/Http/Controllers/Api/V1/DamAssetController.php:474; backend/app/Services/Organization/DepartmentConsolidation.php:20; backend/routes/api.php:96,frontend/src/components/dam/DamLibrary.tsx:176; frontend/src/config/permissions.ts:5; frontend/src/context/AppContext.tsx:619; frontend/src/routing/routes.ts:25
departments.create,ایجاد دپارتمان,departments,True,backend/app/Services/Organization/DepartmentConsolidation.php:20; backend/routes/api.php:97,frontend/src/components/departments/DepartmentsView.tsx:25; frontend/src/config/permissions.ts:6
departments.edit,ویرایش دپارتمان,departments,True,backend/app/Services/Organization/DepartmentConsolidation.php:21; backend/routes/api.php:98,frontend/src/components/departments/DepartmentsView.tsx:40; frontend/src/config/permissions.ts:7
departments.delete,حذف دپارتمان,departments,True,backend/app/Services/Organization/DepartmentConsolidation.php:21; backend/routes/api.php:99,frontend/src/components/departments/DepartmentsView.tsx:40; frontend/src/config/permissions.ts:8
departments.manage_members,مدیریت اعضای دپارتمان,departments,True,backend/app/Http/Controllers/Api/V1/DepartmentController.php:63; backend/app/Http/Controllers/Api/V1/UserController.php:52; backend/app/Http/Controllers/Api/V1/UserController.php:90; backend/app/Services/Organization/DepartmentConsolidation.php:21,frontend/src/components/departments/DepartmentModal.tsx:17; frontend/src/components/users/UserModal.tsx:414; frontend/src/config/permissions.ts:9
content.view,مشاهده محتواها,content,True,backend/app/Http/Controllers/Api/V1/DamAssetController.php:475; backend/app/Services/ContentAccess.php:29; backend/app/Services/ContentAccess.php:50; backend/app/Services/ContentAccess.php:62; backend/app/Services/NotificationInbox.php:27; backend/app/Services/NotificationInbox.php:48,frontend/src/components/layout/Sidebar.tsx:137; frontend/src/components/layout/Sidebar.tsx:143; frontend/src/components/tasks/TaskDetailDrawer.tsx:199; frontend/src/components/tasks/TaskDetailDrawer.tsx:202; frontend/src/components/tasks/TaskDetailDrawer.tsx:203; frontend/src/components/workspace/ActionDashboard.tsx:27; frontend/src/components/workspace/ActionDashboard.tsx:28; frontend/src/components/workspace/ApprovalCenter.tsx:17; frontend/src/components/workspace/ArchiveWorkspace.tsx:8; frontend/src/components/workspace/RelatedRecords.tsx:19; frontend/src/config/permissions.ts:12; frontend/src/context/AppContext.tsx:612; frontend/src/queries/workspacePages.ts:10; frontend/src/routing/routes.ts:24; frontend/src/utils/permissions.ts:10
content.create,ایجاد محتوا,content,True,backend/routes/api.php:179,frontend/src/components/content/ContentDetailView.tsx:380; frontend/src/components/content/ContentMainView.tsx:219; frontend/src/components/content/CreateContentModal.tsx:41; frontend/src/components/layout/Sidebar.tsx:257; frontend/src/components/projects/ProjectDetailView.tsx:163; frontend/src/config/permissions.ts:13
content.edit,ویرایش محتوا,content,True,backend/app/Bot/Bale/Notifications/NotificationAccess.php:149; backend/app/Services/ContentAccess.php:67; backend/app/Services/ContentAccess.php:73,frontend/src/components/content/ContentDetailView.tsx:337; frontend/src/components/content/ContentDetailView.tsx:713; frontend/src/components/content/ContentDetailView.tsx:730; frontend/src/components/content/ContentDetailView.tsx:753; frontend/src/components/workspace/RelatedRecords.tsx:36; frontend/src/config/permissions.ts:14
content.delete,حذف محتوا,content,True,backend/routes/api.php:186,frontend/src/components/content/EditContentModal.tsx:279; frontend/src/config/permissions.ts:15
content.review,بازبینی محتوا,content,True,backend/app/Bot/Bale/Notifications/NotificationAccess.php:149,frontend/src/config/permissions.ts:16
content.approve,تأیید نهایی محتوا,content,True,backend/app/Http/Controllers/Api/V1/ApprovalController.php:19; backend/app/Services/ContentReview.php:28; backend/routes/api.php:177,frontend/src/components/layout/Sidebar.tsx:116; frontend/src/components/tasks/TaskDetailDrawer.tsx:202; frontend/src/components/workspace/ActionDashboard.tsx:27; frontend/src/components/workspace/ApprovalCenter.tsx:17; frontend/src/config/permissions.ts:17; frontend/src/queries/workspacePages.ts:10
content.publish,مدیریت انتشار,content,True,backend/app/Http/Controllers/Api/V1/RestoreController.php:43; backend/app/Services/ContentPublication.php:33; backend/routes/api.php:180; backend/routes/api.php:181; backend/routes/api.php:182,frontend/src/components/content/ContentDetailView.tsx:356; frontend/src/components/content/ContentDetailView.tsx:366; frontend/src/components/content/ContentDetailView.tsx:923; frontend/src/components/content/ContentPublishedView.tsx:186; frontend/src/components/content/ContentPublishingView.tsx:453; frontend/src/components/content/ContentPublishingView.tsx:463; frontend/src/components/content/ContentPublishingView.tsx:604; frontend/src/components/content/ContentPublishingView.tsx:613; frontend/src/components/content/ContentPublishingView.tsx:744; frontend/src/components/content/ContentPublishingView.tsx:753; frontend/src/components/content/ContentPublishingView.tsx:762; frontend/src/config/permissions.ts:18
content.manage_process,مدیریت فرآیند تولید محتوا,content,True,backend/app/Bot/Bale/Notifications/NotificationAccess.php:149; backend/app/Http/Controllers/Api/V1/SystemSettingController.php:119; backend/app/Services/ContentReview.php:44,frontend/src/App.tsx:81; frontend/src/components/content/ContentDetailView.tsx:144; frontend/src/components/content/EditWorkflowModal.tsx:25; frontend/src/components/layout/Sidebar.tsx:84; frontend/src/components/settings/SettingsView.tsx:123; frontend/src/components/thought-room/CreateIdeaModal.tsx:218; frontend/src/config/permissions.ts:21; frontend/src/context/AppContext.tsx:910; frontend/src/routing/routes.ts:27
workflows.manage,مدیریت گردش کارها,workflows,True,backend/app/Http/Controllers/Api/V1/SystemSettingController.php:119; backend/app/Services/ContentReview.php:44,frontend/src/App.tsx:82; frontend/src/components/content/ContentDetailView.tsx:144; frontend/src/components/content/EditWorkflowModal.tsx:25; frontend/src/components/layout/Sidebar.tsx:84; frontend/src/components/settings/SettingsView.tsx:124; frontend/src/components/thought-room/CreateIdeaModal.tsx:218; frontend/src/config/permissions.ts:22; frontend/src/context/AppContext.tsx:910; frontend/src/routing/routes.ts:27
users.view,مشاهده لیست کاربران,users,True,backend/routes/api.php:196,frontend/src/components/layout/Sidebar.tsx:82; frontend/src/components/roles/RoleModal.tsx:43; frontend/src/components/roles/RoleModal.tsx:63; frontend/src/components/users/UserProfileView.tsx:120; frontend/src/components/users/UserProfileView.tsx:124; frontend/src/config/permissions.ts:25; frontend/src/context/AppContext.tsx:611; frontend/src/routing/routes.ts:25
users.view_details,مشاهده جزئیات و پروفایل کاربر,users,True,,frontend/src/config/permissions.ts:26
users.create,ایجاد کاربر جدید,users,True,backend/routes/api.php:197,frontend/src/config/permissions.ts:27
users.edit,ویرایش مشخصات کاربر,users,True,backend/app/Http/Controllers/Api/V1/UserController.php:162; backend/app/Http/Controllers/Api/V1/UserController.php:70; backend/app/Http/Controllers/Api/V1/UserController.php:86; backend/app/Http/Controllers/Api/V1/UserController.php:90; backend/app/Http/Controllers/Api/V1/UserController.php:94,frontend/src/config/permissions.ts:28
users.status,تغییر وضعیت و مسدودسازی,users,True,backend/app/Http/Controllers/Api/V1/UserController.php:70; backend/app/Http/Controllers/Api/V1/UserController.php:92,frontend/src/config/permissions.ts:29
users.delete,حذف کاربر از سیستم,users,True,backend/routes/api.php:199,frontend/src/config/permissions.ts:30
roles.view,مشاهده لیست نقش‌ها,roles,True,backend/routes/api.php:90,frontend/src/components/layout/Sidebar.tsx:83; frontend/src/config/permissions.ts:33; frontend/src/context/AppContext.tsx:618; frontend/src/routing/routes.ts:25
roles.create,تعریف نقش جدید,roles,True,backend/routes/api.php:91,frontend/src/components/roles/RoleManagementView.tsx:89; frontend/src/config/permissions.ts:34
roles.edit,ویرایش مشخصات نقش,roles,True,backend/app/Http/Controllers/Api/V1/RoleController.php:77; backend/routes/api.php:92,frontend/src/components/roles/RoleManagementView.tsx:88; frontend/src/config/permissions.ts:35
roles.manage_permissions,مدیریت مجوزها و ماتریس دسترسی,roles,True,backend/app/Services/Access/AccessAdministration.php:22; backend/routes/api.php:92,frontend/src/components/roles/RoleManagementView.tsx:87; frontend/src/config/permissions.ts:36
roles.delete,حذف نقش سازمانی,roles,True,backend/routes/api.php:93,frontend/src/components/roles/RoleManagementView.tsx:90; frontend/src/config/permissions.ts:37
projects.view,مشاهده پروژه‌ها,projects,True,backend/app/Bot/Bale/Notifications/NotificationAccess.php:135; backend/app/Bot/Bale/Notifications/NotificationAccess.php:51; backend/app/Bot/Bale/Outbox.php:127; backend/app/Bot/Bale/Routing/MenuRouter.php:286; backend/app/Http/Controllers/Api/V1/ActivityLogController.php:21; backend/app/Http/Controllers/Api/V1/ActivityLogController.php:41; backend/app/Http/Controllers/Api/V1/DamAssetController.php:237; backend/app/Http/Controllers/Api/V1/DamAssetController.php:472; backend/app/Http/Controllers/Api/V1/TaskController.php:62; backend/app/Services/MeetingActionTasks.php:40; backend/app/Services/NotificationInbox.php:24; backend/app/Services/TaskOperations.php:160; backend/routes/api.php:101; backend/routes/api.php:171; backend/routes/api.php:173,frontend/src/components/dam/DamLibrary.tsx:174; frontend/src/components/layout/Sidebar.tsx:123; frontend/src/components/layout/Sidebar.tsx:149; frontend/src/components/layout/Sidebar.tsx:91; frontend/src/components/roles/RoleModal.tsx:43; frontend/src/components/roles/RoleModal.tsx:63; frontend/src/components/tasks/TaskAssetsSection.tsx:184; frontend/src/components/workspace/ActionDashboard.tsx:30; frontend/src/components/workspace/ArchiveWorkspace.tsx:8; frontend/src/config/permissions.ts:40; frontend/src/context/AppContext.tsx:609; frontend/src/context/AppContext.tsx:620; frontend/src/queries/workspacePages.ts:10; frontend/src/routing/routes.ts:23
projects.create,ایجاد پروژه جدید,projects,True,backend/app/Http/Middleware/EnsureUserHasPermission.php:13; backend/routes/api.php:102; backend/routes/api.php:103; backend/routes/api.php:172,frontend/src/components/layout/Sidebar.tsx:239; frontend/src/components/layout/Sidebar.tsx:248; frontend/src/components/projects/ProjectsView.tsx:57; frontend/src/components/templates/TemplatesModal.tsx:380; frontend/src/config/permissions.ts:41
projects.edit,ویرایش مشخصات پروژه,projects,True,backend/routes/api.php:174,frontend/src/components/projects/ProjectDetailView.tsx:189; frontend/src/components/workspace/RelatedRecords.tsx:36; frontend/src/config/permissions.ts:42
projects.delete,حذف و بایگانی پروژه,projects,True,backend/routes/api.php:104; backend/routes/api.php:175,frontend/src/components/projects/ProjectDetailView.tsx:87; frontend/src/config/permissions.ts:43
tasks.view,مشاهده وظایف,tasks,True,backend/app/Bot/Bale/Automations.php:125; backend/app/Bot/Bale/Notifications/NotificationAccess.php:129; backend/app/Bot/Bale/Notifications/NotificationAccess.php:48; backend/app/Bot/Bale/Outbox.php:124; backend/app/Bot/Bale/Routing/MenuRouter.php:258; backend/app/Http/Controllers/Api/V1/ActivityLogController.php:20; backend/app/Http/Controllers/Api/V1/ActivityLogController.php:40; backend/app/Http/Controllers/Api/V1/ContentController.php:125; backend/app/Http/Controllers/Api/V1/DamAssetController.php:240; backend/app/Http/Controllers/Api/V1/DamAssetController.php:473; backend/app/Http/Controllers/Api/V1/DamDataTableController.php:190; backend/app/Services/ContentPublication.php:150; backend/app/Services/MeetingActionTasks.php:19; backend/app/Services/NotificationInbox.php:23; backend/app/Services/TaskOperations.php:107; backend/app/Services/TaskOperations.php:149; backend/app/Services/TaskOperations.php:31; backend/app/Services/TaskOperations.php:48; backend/routes/api.php:187; backend/routes/api.php:188; backend/routes/api.php:189; backend/routes/api.php:191; backend/routes/api.php:192,frontend/src/components/content/ContentPublishingView.tsx:744; frontend/src/components/dam/DamLibrary.tsx:175; frontend/src/components/layout/Sidebar.tsx:107; frontend/src/components/roles/RoleModal.tsx:43; frontend/src/components/roles/RoleModal.tsx:63; frontend/src/components/tasks/TaskDetailDrawer.tsx:107; frontend/src/components/workspace/ActionDashboard.tsx:26; frontend/src/components/workspace/ArchiveWorkspace.tsx:8; frontend/src/config/permissions.ts:46; frontend/src/context/AppContext.tsx:610; frontend/src/queries/workspacePages.ts:10; frontend/src/routing/routes.ts:23
tasks.create,تعریف وظیفه جدید,tasks,True,backend/app/Bot/Bale/Notifications/NotificationAccess.php:129; backend/app/Services/ContentPublication.php:150; backend/app/Services/MeetingActionTasks.php:19; backend/app/Services/ProjectTemplateApplication.php:38; backend/routes/api.php:183; backend/routes/api.php:190,frontend/src/components/content/ContentPublishingView.tsx:744; frontend/src/components/projects/ProjectDetailView.tsx:154; frontend/src/components/thought-room/ThinkTankMeetingsTab.tsx:319; frontend/src/config/permissions.ts:47
tasks.edit,ویرایش اطلاعات وظیفه,tasks,True,backend/app/Bot/Bale/Notifications/NotificationAccess.php:129; backend/app/Http/Controllers/Api/V1/TaskController.php:119; backend/app/Services/TaskOperations.php:107; backend/app/Services/TaskOperations.php:179; backend/app/Services/TaskOperations.php:88,frontend/src/components/tasks/TaskAssetsSection.tsx:420; frontend/src/components/tasks/TaskDetailDrawer.tsx:86; frontend/src/components/tasks/TaskDetailDrawer.tsx:87; frontend/src/config/permissions.ts:48
tasks.assign,تخصیص و تغییر مسئول وظیفه,tasks,True,backend/app/Bot/Bale/Notifications/NotificationAccess.php:129; backend/app/Services/ProjectTemplateApplication.php:40; backend/app/Services/TaskOperations.php:178,frontend/src/components/tasks/TaskDetailDrawer.tsx:255; frontend/src/config/permissions.ts:49
tasks.status,تغییر وضعیت وظیفه,tasks,True,backend/app/Bot/Bale/Notifications/NotificationAccess.php:129; backend/app/Services/TaskOperations.php:177; backend/app/Services/TaskOperations.php:48,frontend/src/components/tasks/TaskDetailDrawer.tsx:84; frontend/src/components/workspace/RelatedRecords.tsx:36; frontend/src/config/permissions.ts:50
tasks.delete,حذف وظایف,tasks,True,backend/routes/api.php:193,frontend/src/components/tasks/TaskDetailDrawer.tsx:160; frontend/src/config/permissions.ts:51
assets.view,مشاهده فایل‌ها و پوشه‌ها,dam,True,backend/app/Bot/Bale/Automations.php:122; backend/app/Bot/Bale/Automations.php:125; backend/app/Bot/Bale/Handlers/OperationalMenus.php:105; backend/app/Bot/Bale/Handlers/OperationalMenus.php:88; backend/app/Bot/Bale/Handlers/TaskAssets.php:105; backend/app/Bot/Bale/Handlers/TaskAssets.php:31; backend/app/Bot/Bale/Outbox.php:112; backend/app/Bot/Bale/Outbox.php:151; backend/app/Bot/Bale/Outbox.php:164; backend/app/Http/Controllers/Api/V1/DamAssetController.php:111; backend/app/Http/Controllers/Api/V1/DamAssetController.php:176; backend/app/Http/Controllers/Api/V1/DamAssetController.php:194; backend/app/Http/Controllers/Api/V1/DamAssetController.php:266; backend/app/Http/Controllers/Api/V1/DamDataTableController.php:188; backend/app/Http/Controllers/Api/V1/DamDataTableController.php:95; backend/app/Http/Controllers/Api/V1/DamTaxonomyController.php:16; backend/app/Http/Controllers/Api/V1/DamTaxonomyController.php:82; backend/app/Http/Controllers/Api/V1/DomainRecordController.php:37; backend/app/Http/Controllers/Api/V1/DomainRecordController.php:43; backend/app/Services/DamTableAccess.php:150; backend/app/Services/DamTableAccess.php:190,frontend/src/components/content/ContentDetailView.tsx:824; frontend/src/components/dam/DamLibrary.tsx:127; frontend/src/components/layout/Sidebar.tsx:129; frontend/src/components/projects/ProjectDetailView.tsx:397; frontend/src/components/tasks/TaskAssetForm.tsx:140; frontend/src/components/tasks/TaskAssetForm.tsx:41; frontend/src/components/tasks/TaskDetailDrawer.tsx:384; frontend/src/config/permissions.ts:56; frontend/src/context/AppContext.tsx:2726; frontend/src/context/AppContext.tsx:623; frontend/src/context/AppContext.tsx:624; frontend/src/context/AppContext.tsx:764; frontend/src/routing/routes.ts:25
assets.preview,پیش‌نمایش محتوای فایل,dam,True,backend/app/Http/Controllers/Api/V1/DamAssetController.php:516,frontend/src/components/dam/DamLibrary.tsx:906; frontend/src/config/permissions.ts:57; frontend/src/context/AppContext.tsx:2727
assets.download,دانلود فایل‌ها,dam,True,backend/app/Http/Controllers/Api/V1/DamAssetController.php:537,frontend/src/components/content/ContentDetailView.tsx:824; frontend/src/components/dam/DamLibrary.tsx:905; frontend/src/components/tasks/TaskAssetsSection.tsx:369; frontend/src/components/tasks/TaskAssetsSection.tsx:402; frontend/src/config/permissions.ts:58; frontend/src/context/AppContext.tsx:2728
assets.upload,بارگذاری فایل و ایجاد پوشه,dam,True,backend/app/Bot/Bale/Automations.php:122; backend/app/Bot/Bale/Handlers/TaskAssets.php:105; backend/app/Bot/Bale/Handlers/TaskAssets.php:36; backend/app/Bot/Bale/Outbox.php:112; backend/app/Http/Controllers/Api/V1/DamAssetController.php:208; backend/app/Http/Controllers/Api/V1/DamDataTableController.php:110; backend/app/Http/Controllers/Api/V1/DamTaxonomyController.php:22; backend/app/Http/Controllers/Api/V1/DomainRecordController.php:38; backend/app/Http/Controllers/Api/V1/DomainRecordController.php:44; backend/app/Services/DamTableAccess.php:165; backend/app/Services/DamTableAccess.php:169,frontend/src/components/dam/DamDataTables.tsx:161; frontend/src/components/dam/DamDataTables.tsx:163; frontend/src/components/dam/DamLibrary.tsx:127; frontend/src/components/dam/DamLibrary.tsx:438; frontend/src/components/dam/DamLibrary.tsx:439; frontend/src/components/dam/DamLibrary.tsx:532; frontend/src/components/tasks/TaskAssetForm.tsx:41; frontend/src/config/permissions.ts:59; frontend/src/context/AppContext.tsx:2729; frontend/src/context/AppContext.tsx:764
assets.edit_info,ویرایش اطلاعات و متادیتا,dam,True,backend/app/Http/Controllers/Api/V1/DamAssetController.php:299; backend/app/Http/Controllers/Api/V1/DamAssetController.php:438; backend/app/Http/Controllers/Api/V1/DamAssetController.php:466; backend/app/Http/Controllers/Api/V1/DamAssetController.php:503; backend/app/Http/Controllers/Api/V1/DomainRecordController.php:39; backend/app/Http/Controllers/Api/V1/DomainRecordController.php:45; backend/app/Services/DamTableAccess.php:165; backend/app/Services/DamTableAccess.php:169,frontend/src/components/dam/DamDataTables.tsx:163; frontend/src/components/dam/DamLibrary.tsx:437; frontend/src/components/dam/DamLibrary.tsx:881; frontend/src/components/dam/DamLibrary.tsx:915; frontend/src/components/tasks/TaskAssetsSection.tsx:377; frontend/src/config/permissions.ts:60; frontend/src/context/AppContext.tsx:2730; frontend/src/context/AppContext.tsx:840; frontend/src/context/AppContext.tsx:841
assets.rename,تغییر نام فایل و پوشه,dam,True,backend/app/Http/Controllers/Api/V1/DamTaxonomyController.php:37,frontend/src/components/dam/DamLibrary.tsx:476; frontend/src/components/dam/DamLibrary.tsx:524; frontend/src/config/permissions.ts:61; frontend/src/context/AppContext.tsx:2731
assets.move,جابه‌جایی و سازماندهی فایل‌ها,dam,True,backend/app/Http/Controllers/Api/V1/DamAssetController.php:322; backend/app/Http/Controllers/Api/V1/DamAssetController.php:368; backend/app/Http/Controllers/Api/V1/DamAssetController.php:377; backend/app/Http/Controllers/Api/V1/DamTaxonomyController.php:37,frontend/src/components/dam/DamLibrary.tsx:476; frontend/src/components/dam/DamLibrary.tsx:518; frontend/src/components/dam/DamLibrary.tsx:524; frontend/src/components/dam/DamLibrary.tsx:528; frontend/src/components/dam/DamLibrary.tsx:534; frontend/src/components/dam/DamLibrary.tsx:535; frontend/src/components/dam/DamLibrary.tsx:914; frontend/src/config/permissions.ts:62; frontend/src/context/AppContext.tsx:2732
assets.create_version,ایجاد نسخه جدید فایل,dam,True,backend/app/Http/Controllers/Api/V1/DamAssetController.php:438,frontend/src/components/dam/DamLibrary.tsx:881; frontend/src/config/permissions.ts:63; frontend/src/context/AppContext.tsx:2733
assets.delete,حذف فایل و پوشه,dam,True,backend/app/Http/Controllers/Api/V1/DamAssetController.php:396; backend/app/Http/Controllers/Api/V1/DamAssetController.php:404; backend/app/Http/Controllers/Api/V1/DamAssetController.php:419; backend/app/Http/Controllers/Api/V1/DamDataTableController.php:175; backend/app/Http/Controllers/Api/V1/DamTaxonomyController.php:61; backend/app/Http/Controllers/Api/V1/DomainRecordController.php:40; backend/app/Http/Controllers/Api/V1/DomainRecordController.php:46,frontend/src/components/dam/DamDataTables.tsx:162; frontend/src/components/dam/DamLibrary.tsx:476; frontend/src/components/dam/DamLibrary.tsx:519; frontend/src/components/dam/DamLibrary.tsx:524; frontend/src/components/dam/DamLibrary.tsx:528; frontend/src/components/dam/DamLibrary.tsx:534; frontend/src/components/dam/DamLibrary.tsx:535; frontend/src/components/dam/DamLibrary.tsx:923; frontend/src/config/permissions.ts:64; frontend/src/context/AppContext.tsx:2734
assets.restore,بازیابی از سطل زباله,dam,True,backend/app/Http/Controllers/Api/V1/DamAssetController.php:429; backend/app/Http/Controllers/Api/V1/DamAssetController.php:459,frontend/src/components/dam/DamLibrary.tsx:920; frontend/src/config/permissions.ts:65; frontend/src/context/AppContext.tsx:2735
assets.share,اشتراک‌گذاری فایل,dam,True,,frontend/src/config/permissions.ts:66; frontend/src/context/AppContext.tsx:2736
assets.manage_access,مدیریت مجوزها و سطوح دسترسی فایل,dam,True,backend/app/Http/Controllers/Api/V1/Bale/BaleAssetAccessController.php:16; backend/app/Http/Controllers/Api/V1/Bale/BaleAssetAccessController.php:23; backend/app/Http/Controllers/Api/V1/Bale/BaleAssetAccessController.php:30; backend/app/Http/Controllers/Api/V1/DamAssetController.php:252; backend/app/Http/Controllers/Api/V1/DamAssetController.php:274; backend/app/Http/Controllers/Api/V1/DamAssetController.php:320; backend/app/Http/Controllers/Api/V1/DamDataTableController.php:161; backend/app/Http/Controllers/Api/V1/DamDataTableController.php:175; backend/app/Http/Controllers/Api/V1/DamTaxonomyController.php:110; backend/app/Http/Controllers/Api/V1/DamTaxonomyController.php:61; backend/app/Http/Controllers/Api/V1/DamTaxonomyController.php:88; backend/app/Http/Controllers/Api/V1/DamTaxonomyController.php:95; backend/app/Services/DamTableAccess.php:142; backend/app/Services/DamTableAccess.php:161,frontend/src/components/dam/DamDataTables.tsx:162; frontend/src/components/dam/DamDataTables.tsx:165; frontend/src/components/dam/DamDataTables.tsx:772; frontend/src/components/dam/DamLibrary.tsx:502; frontend/src/components/dam/DamLibrary.tsx:560; frontend/src/components/dam/DamLibrary.tsx:917; frontend/src/components/dam/DamLibrary.tsx:918; frontend/src/config/permissions.ts:67; frontend/src/context/AppContext.tsx:2737
messaging.view,مشاهده گفتگوها و کانال‌ها,messaging,True,,frontend/src/components/projects/ProjectDetailView.tsx:179; frontend/src/config/permissions.ts:70; frontend/src/context/AppContext.tsx:625; frontend/src/context/AppContext.tsx:626; frontend/src/routing/routes.ts:26
messaging.create_chat,ایجاد گروه، کانال و گفتگوی مستقیم,messaging,True,backend/app/Services/Access/ChatAccess.php:84,frontend/src/config/permissions.ts:71
messaging.send_message,ارسال پیام و پیوست,messaging,True,backend/app/Services/Access/ChatAccess.php:91,frontend/src/config/permissions.ts:72
messaging.delete_message,حذف پیام‌ها,messaging,True,backend/app/Services/Access/ChatAccess.php:74,frontend/src/config/permissions.ts:73
messaging.manage_group,مدیریت اعضا و اختیارات گروه,messaging,True,backend/app/Services/Access/ChatAccess.php:46,frontend/src/config/permissions.ts:74
secretariat.view,مشاهده نامه‌ها و کارتابل اداری,secretariat,True,backend/app/Bot/Bale/Notifications/NotificationAccess.php:143; backend/app/Bot/Bale/Notifications/NotificationAccess.php:146; backend/app/Bot/Bale/Notifications/NotificationAccess.php:75; backend/app/Bot/Bale/Notifications/NotificationAccess.php:81; backend/app/Http/Controllers/Api/V1/WorkspaceRecordController.php:39; backend/app/Http/Controllers/Api/V1/WorkspaceRecordController.php:45; backend/app/Http/Controllers/Api/V1/WorkspaceRecordController.php:51; backend/app/Services/NotificationInbox.php:37; backend/app/Services/NotificationInbox.php:38,frontend/src/config/permissions.ts:77; frontend/src/context/AppContext.tsx:615; frontend/src/context/AppContext.tsx:616; frontend/src/context/AppContext.tsx:617; frontend/src/routing/routes.ts:26
secretariat.create_letter,ثبت نامه و ایجاد پیش‌نویس,secretariat,True,backend/app/Http/Controllers/Api/V1/WorkspaceRecordController.php:40,frontend/src/components/secretariat/SecretariatMainView.tsx:162; frontend/src/config/permissions.ts:78
secretariat.edit_letter,ویرایش اطلاعات و متن نامه,secretariat,True,backend/app/Bot/Bale/Notifications/NotificationAccess.php:143; backend/app/Http/Controllers/Api/V1/WorkspaceRecordController.php:41,frontend/src/config/permissions.ts:79; frontend/src/context/AppContext.tsx:815
secretariat.delete_letter,حذف نامه‌ها,secretariat,True,backend/app/Http/Controllers/Api/V1/WorkspaceRecordController.php:42,frontend/src/components/secretariat/LetterRow.tsx:195; frontend/src/config/permissions.ts:80
secretariat.refer_letter,ارجاع سازمانی و هامش‌نویسی,secretariat,True,backend/app/Bot/Bale/Notifications/NotificationAccess.php:143; backend/app/Http/Controllers/Api/V1/WorkspaceRecordController.php:277,frontend/src/config/permissions.ts:81; frontend/src/context/AppContext.tsx:815
secretariat.reply_letter,ثبت پاسخ و عطف مکاتبه,secretariat,True,,frontend/src/config/permissions.ts:82
secretariat.archive_letter,بایگانی و مدیریت زونکن‌ها,secretariat,True,backend/app/Http/Controllers/Api/V1/WorkspaceRecordController.php:281; backend/app/Http/Controllers/Api/V1/WorkspaceRecordController.php:52; backend/app/Http/Controllers/Api/V1/WorkspaceRecordController.php:53; backend/app/Http/Controllers/Api/V1/WorkspaceRecordController.php:54,frontend/src/components/secretariat/ArchiveDossiersTab.tsx:148; frontend/src/components/secretariat/ArchiveDossiersTab.tsx:67; frontend/src/config/permissions.ts:83; frontend/src/context/AppContext.tsx:815; frontend/src/context/AppContext.tsx:817
secretariat.manage_resolutions,مدیریت و پیگیری مصوبات,secretariat,True,backend/app/Bot/Bale/Notifications/NotificationAccess.php:146; backend/app/Http/Controllers/Api/V1/WorkspaceRecordController.php:46; backend/app/Http/Controllers/Api/V1/WorkspaceRecordController.php:47; backend/app/Http/Controllers/Api/V1/WorkspaceRecordController.php:48,frontend/src/components/secretariat/ResolutionsTab.tsx:195; frontend/src/components/secretariat/ResolutionsTab.tsx:62; frontend/src/config/permissions.ts:84; frontend/src/context/AppContext.tsx:816
thinktank.view,مشاهده ایده‌ها و اتاق فکر,thinktank,True,backend/app/Bot/Bale/Automations.php:125; backend/app/Bot/Bale/Meetings/MeetingBrowser.php:16; backend/app/Bot/Bale/Notifications/NotificationAccess.php:153; backend/app/Bot/Bale/Notifications/NotificationAccess.php:70; backend/app/Bot/Bale/Notifications/NotificationAccess.php:95; backend/app/Bot/Bale/Outbox.php:133; backend/app/Http/Controllers/Api/V1/WorkspaceRecordController.php:27; backend/app/Http/Controllers/Api/V1/WorkspaceRecordController.php:33; backend/app/Services/NotificationInbox.php:25; backend/app/Services/NotificationInbox.php:26,frontend/src/components/layout/Sidebar.tsx:99; frontend/src/config/permissions.ts:87; frontend/src/context/AppContext.tsx:613; frontend/src/context/AppContext.tsx:614; frontend/src/routing/routes.ts:26
thinktank.create_idea,ثبت و پیشنهاد ایده جدید,thinktank,True,backend/app/Http/Controllers/Api/V1/WorkspaceRecordController.php:28,frontend/src/components/layout/Sidebar.tsx:266; frontend/src/components/thought-room/ThoughtRoomMainView.tsx:174; frontend/src/components/thought-room/ThoughtRoomMainView.tsx:366; frontend/src/config/permissions.ts:88
thinktank.edit_idea,ویرایش مشخصات ایده,thinktank,True,backend/app/Bot/Bale/Notifications/NotificationAccess.php:153; backend/app/Http/Controllers/Api/V1/WorkspaceRecordController.php:29,frontend/src/components/thought-room/IdeaCard.tsx:118; frontend/src/components/thought-room/IdeaDetailsModal.tsx:152; frontend/src/components/thought-room/IdeaDetailsModal.tsx:683; frontend/src/config/permissions.ts:89; frontend/src/context/AppContext.tsx:813
thinktank.delete_idea,حذف ایده,thinktank,True,backend/app/Http/Controllers/Api/V1/WorkspaceRecordController.php:30,frontend/src/components/thought-room/IdeaCard.tsx:48; frontend/src/components/thought-room/IdeaDetailsModal.tsx:693; frontend/src/config/permissions.ts:90
thinktank.manage_meetings,برگزاری و مدیریت جلسات هم‌اندیشی,thinktank,True,backend/app/Bot/Bale/Meetings/MeetingReminders.php:28; backend/app/Bot/Bale/Notifications/NotificationAccess.php:139; backend/app/Bot/Bale/Notifications/NotificationAccess.php:60; backend/app/Http/Controllers/Api/V1/WorkspaceRecordController.php:34; backend/app/Http/Controllers/Api/V1/WorkspaceRecordController.php:35; backend/app/Http/Controllers/Api/V1/WorkspaceRecordController.php:36; backend/app/Services/MeetingActionTasks.php:19,frontend/src/components/layout/Sidebar.tsx:275; frontend/src/components/thought-room/ThinkTankMeetingsTab.tsx:145; frontend/src/components/thought-room/ThinkTankMeetingsTab.tsx:319; frontend/src/components/thought-room/ThinkTankMeetingsTab.tsx:337; frontend/src/components/thought-room/ThinkTankMeetingsTab.tsx:348; frontend/src/components/thought-room/ThinkTankMeetingsTab.tsx:76; frontend/src/components/thought-room/ThoughtRoomMainView.tsx:164; frontend/src/config/permissions.ts:91; frontend/src/context/AppContext.tsx:814
thinktank.vote,رأی‌دهی و ثبت دیدگاه تخصصی,thinktank,True,backend/app/Bot/Bale/Notifications/NotificationAccess.php:153; backend/app/Http/Controllers/Api/V1/WorkspaceRecordController.php:260,frontend/src/config/permissions.ts:92; frontend/src/context/AppContext.tsx:813
thinktank.approve_convert,تأیید ایده و تبدیل به تسک یا پروژه,thinktank,True,backend/app/Bot/Bale/Notifications/NotificationAccess.php:153; backend/app/Http/Controllers/Api/V1/WorkspaceRecordController.php:264,frontend/src/components/thought-room/IdeaDetailsModal.tsx:710; frontend/src/config/permissions.ts:93; frontend/src/context/AppContext.tsx:813
reports.view,مشاهده داشبوردها و گزارش‌های آماری,reports,True,backend/app/Http/Controllers/Api/V1/ActivityLogController.php:17,frontend/src/components/layout/Sidebar.tsx:160; frontend/src/config/permissions.ts:96; frontend/src/context/AppContext.tsx:622
reports.export,استخراج داده‌ها و خروجی اکسل/PDF,reports,True,,frontend/src/config/permissions.ts:97
settings.manage,مدیریت پیکربندی و تنظیمات سامانه,settings,True,backend/app/Http/Controllers/Api/V1/Bale/BaleOperationsController.php:39; backend/app/Http/Controllers/Api/V1/Bale/BaleSettingsController.php:113; backend/app/Http/Controllers/Api/V1/SystemSettingController.php:118,frontend/src/App.tsx:80; frontend/src/components/layout/Sidebar.tsx:84; frontend/src/components/settings/SettingsView.tsx:122; frontend/src/components/settings/SettingsView.tsx:499; frontend/src/components/thought-room/CreateIdeaModal.tsx:218; frontend/src/config/permissions.ts:100; frontend/src/context/AppContext.tsx:909; frontend/src/routing/routes.ts:27
