methods,uri,action,middleware_NOT_complete_policy
GET|HEAD,api/v1/activity-logs,App\Http\Controllers\Api\V1\ActivityLogController@index,api; Illuminate\Auth\Middleware\Authenticate:sanctum
POST,api/v1/activity-logs,App\Http\Controllers\Api\V1\ActivityLogController@store,api; Illuminate\Auth\Middleware\Authenticate:sanctum
GET|HEAD,api/v1/archive-dossiers,App\Http\Controllers\Api\V1\WorkspaceRecordController@index,api; Illuminate\Auth\Middleware\Authenticate:sanctum
POST,api/v1/archive-dossiers,App\Http\Controllers\Api\V1\WorkspaceRecordController@store,api; Illuminate\Auth\Middleware\Authenticate:sanctum
GET|HEAD,api/v1/archive-dossiers/{workspace_record},App\Http\Controllers\Api\V1\WorkspaceRecordController@show,api; Illuminate\Auth\Middleware\Authenticate:sanctum
PUT|PATCH,api/v1/archive-dossiers/{workspace_record},App\Http\Controllers\Api\V1\WorkspaceRecordController@update,api; Illuminate\Auth\Middleware\Authenticate:sanctum
DELETE,api/v1/archive-dossiers/{workspace_record},App\Http\Controllers\Api\V1\WorkspaceRecordController@destroy,api; Illuminate\Auth\Middleware\Authenticate:sanctum
POST,api/v1/auth/forgot-password,App\Http\Controllers\Api\V1\AuthController@forgotPassword,api
POST,api/v1/auth/login,App\Http\Controllers\Api\V1\AuthController@login,api
POST,api/v1/auth/logout,App\Http\Controllers\Api\V1\AuthController@logout,api; Illuminate\Auth\Middleware\Authenticate:sanctum
GET|HEAD,api/v1/auth/me,App\Http\Controllers\Api\V1\AuthController@me,api; Illuminate\Auth\Middleware\Authenticate:sanctum
POST,api/v1/auth/register,App\Http\Controllers\Api\V1\AuthController@register,api
POST,api/v1/auth/reset-password,App\Http\Controllers\Api\V1\AuthController@resetPassword,api
GET|HEAD,api/v1/bale/account,App\Http\Controllers\Api\V1\Bale\BaleAccountController@show,"api; Illuminate\Auth\Middleware\Authenticate:sanctum; Illuminate\Routing\Middleware\ThrottleRequests:30,1"
DELETE,api/v1/bale/account,App\Http\Controllers\Api\V1\Bale\BaleAccountController@disconnect,"api; Illuminate\Auth\Middleware\Authenticate:sanctum; Illuminate\Routing\Middleware\ThrottleRequests:30,1"
POST,api/v1/bale/account/code,App\Http\Controllers\Api\V1\Bale\BaleAccountController@code,"api; Illuminate\Auth\Middleware\Authenticate:sanctum; Illuminate\Routing\Middleware\ThrottleRequests:30,1"
PUT,api/v1/bale/account/preferences,App\Http\Controllers\Api\V1\Bale\BaleOperationsController@preferences,"api; Illuminate\Auth\Middleware\Authenticate:sanctum; Illuminate\Routing\Middleware\ThrottleRequests:30,1"
POST,api/v1/bale/account/test-notification,App\Http\Controllers\Api\V1\Bale\BaleOperationsController@testNotification,"api; Illuminate\Auth\Middleware\Authenticate:sanctum; Illuminate\Routing\Middleware\ThrottleRequests:30,1; Illuminate\Routing\Middleware\ThrottleRequests:3,1,bale-notification-test"
GET|HEAD,api/v1/bale/asset-tables,App\Http\Controllers\Api\V1\Bale\BaleAssetAccessController@index,"api; Illuminate\Auth\Middleware\Authenticate:sanctum; Illuminate\Routing\Middleware\ThrottleRequests:30,1"
GET|HEAD,api/v1/bale/asset-tables/{table}/teams,App\Http\Controllers\Api\V1\Bale\BaleAssetAccessController@show,"api; Illuminate\Auth\Middleware\Authenticate:sanctum; Illuminate\Routing\Middleware\ThrottleRequests:30,1"
PUT,api/v1/bale/asset-tables/{table}/teams,App\Http\Controllers\Api\V1\Bale\BaleAssetAccessController@update,"api; Illuminate\Auth\Middleware\Authenticate:sanctum; Illuminate\Routing\Middleware\ThrottleRequests:30,1"
POST,api/v1/bale/deliver,App\Http\Controllers\Api\V1\Bale\BaleOperationsController@deliver,"api; Illuminate\Auth\Middleware\Authenticate:sanctum; Illuminate\Routing\Middleware\ThrottleRequests:30,1"
GET|HEAD,api/v1/bale/meetings/{meeting}/reminder,App\Http\Controllers\Api\V1\Bale\BaleOperationsController@preview,"api; Illuminate\Auth\Middleware\Authenticate:sanctum; Illuminate\Routing\Middleware\ThrottleRequests:30,1"
POST,api/v1/bale/meetings/{meeting}/reminder,App\Http\Controllers\Api\V1\Bale\BaleOperationsController@remind,"api; Illuminate\Auth\Middleware\Authenticate:sanctum; Illuminate\Routing\Middleware\ThrottleRequests:30,1"
POST,api/v1/bale/meetings/{meeting}/reminder/{run}/deliver,App\Http\Controllers\Api\V1\Bale\BaleOperationsController@deliverRun,"api; Illuminate\Auth\Middleware\Authenticate:sanctum; Illuminate\Routing\Middleware\ThrottleRequests:30,1"
POST,api/v1/bale/process,App\Http\Controllers\Api\V1\Bale\BaleSettingsController@tick,"api; Illuminate\Auth\Middleware\Authenticate:sanctum; Illuminate\Routing\Middleware\ThrottleRequests:30,1"
GET|HEAD,api/v1/bale/settings,App\Http\Controllers\Api\V1\Bale\BaleSettingsController@show,"api; Illuminate\Auth\Middleware\Authenticate:sanctum; Illuminate\Routing\Middleware\ThrottleRequests:30,1"
PUT,api/v1/bale/settings,App\Http\Controllers\Api\V1\Bale\BaleSettingsController@update,"api; Illuminate\Auth\Middleware\Authenticate:sanctum; Illuminate\Routing\Middleware\ThrottleRequests:30,1"
DELETE,api/v1/bale/settings,App\Http\Controllers\Api\V1\Bale\BaleSettingsController@disconnect,"api; Illuminate\Auth\Middleware\Authenticate:sanctum; Illuminate\Routing\Middleware\ThrottleRequests:30,1"
POST,api/v1/bale/settings/polling,App\Http\Controllers\Api\V1\Bale\BaleSettingsController@polling,"api; Illuminate\Auth\Middleware\Authenticate:sanctum; Illuminate\Routing\Middleware\ThrottleRequests:30,1"
POST,api/v1/bale/settings/test,App\Http\Controllers\Api\V1\Bale\BaleSettingsController@test,"api; Illuminate\Auth\Middleware\Authenticate:sanctum; Illuminate\Routing\Middleware\ThrottleRequests:30,1"
POST,api/v1/bale/settings/webhook,App\Http\Controllers\Api\V1\Bale\BaleSettingsController@webhook,"api; Illuminate\Auth\Middleware\Authenticate:sanctum; Illuminate\Routing\Middleware\ThrottleRequests:30,1"
POST,api/v1/bot/bale/tick,App\Http\Controllers\Api\V1\Bale\BaleTransportController@tick,"api; Illuminate\Routing\Middleware\ThrottleRequests:30,1"
POST,api/v1/bot/bale/webhook,App\Http\Controllers\Api\V1\Bale\BaleTransportController@webhook,"api; Illuminate\Routing\Middleware\ThrottleRequests:30,1"
POST,api/v1/bot/bale/webhook/{secret},App\Http\Controllers\Api\V1\Bale\BaleTransportController@receive,"api; Illuminate\Routing\Middleware\ThrottleRequests:120,1"
GET|HEAD,api/v1/chat/conversations,App\Http\Controllers\Api\V1\DomainRecordController@index,api; Illuminate\Auth\Middleware\Authenticate:sanctum
POST,api/v1/chat/conversations,App\Http\Controllers\Api\V1\DomainRecordController@store,api; Illuminate\Auth\Middleware\Authenticate:sanctum
POST,api/v1/chat/conversations/batch-delete,App\Http\Controllers\Api\V1\DomainRecordController@destroyBatch,api; Illuminate\Auth\Middleware\Authenticate:sanctum
GET|HEAD,api/v1/chat/conversations/{domain_record},App\Http\Controllers\Api\V1\DomainRecordController@show,api; Illuminate\Auth\Middleware\Authenticate:sanctum
PUT|PATCH,api/v1/chat/conversations/{domain_record},App\Http\Controllers\Api\V1\DomainRecordController@update,api; Illuminate\Auth\Middleware\Authenticate:sanctum
DELETE,api/v1/chat/conversations/{domain_record},App\Http\Controllers\Api\V1\DomainRecordController@destroy,api; Illuminate\Auth\Middleware\Authenticate:sanctum
GET|HEAD,api/v1/chat/messages,App\Http\Controllers\Api\V1\DomainRecordController@index,api; Illuminate\Auth\Middleware\Authenticate:sanctum
POST,api/v1/chat/messages,App\Http\Controllers\Api\V1\DomainRecordController@store,api; Illuminate\Auth\Middleware\Authenticate:sanctum
POST,api/v1/chat/messages/batch-delete,App\Http\Controllers\Api\V1\DomainRecordController@destroyBatch,api; Illuminate\Auth\Middleware\Authenticate:sanctum
GET|HEAD,api/v1/chat/messages/{domain_record},App\Http\Controllers\Api\V1\DomainRecordController@show,api; Illuminate\Auth\Middleware\Authenticate:sanctum
PUT|PATCH,api/v1/chat/messages/{domain_record},App\Http\Controllers\Api\V1\DomainRecordController@update,api; Illuminate\Auth\Middleware\Authenticate:sanctum
DELETE,api/v1/chat/messages/{domain_record},App\Http\Controllers\Api\V1\DomainRecordController@destroy,api; Illuminate\Auth\Middleware\Authenticate:sanctum
GET|HEAD,api/v1/contents,App\Http\Controllers\Api\V1\ContentController@index,api; Illuminate\Auth\Middleware\Authenticate:sanctum; App\Http\Middleware\EnsureUserHasPermission:content.view
POST,api/v1/contents,App\Http\Controllers\Api\V1\ContentController@store,api; Illuminate\Auth\Middleware\Authenticate:sanctum; App\Http\Middleware\EnsureUserHasPermission:content.create
GET|HEAD,api/v1/contents/{content},App\Http\Controllers\Api\V1\ContentController@show,api; Illuminate\Auth\Middleware\Authenticate:sanctum; App\Http\Middleware\EnsureUserHasPermission:content.view
PUT|PATCH,api/v1/contents/{content},App\Http\Controllers\Api\V1\ContentController@update,api; Illuminate\Auth\Middleware\Authenticate:sanctum; App\Http\Middleware\EnsureUserHasPermission:content.edit
DELETE,api/v1/contents/{content},App\Http\Controllers\Api\V1\ContentController@destroy,api; Illuminate\Auth\Middleware\Authenticate:sanctum; App\Http\Middleware\EnsureUserHasPermission:content.delete
GET|HEAD,api/v1/dam/assets,App\Http\Controllers\Api\V1\DomainRecordController@index,api; Illuminate\Auth\Middleware\Authenticate:sanctum
POST,api/v1/dam/assets,App\Http\Controllers\Api\V1\DomainRecordController@store,api; Illuminate\Auth\Middleware\Authenticate:sanctum
POST,api/v1/dam/assets/batch-delete,App\Http\Controllers\Api\V1\DomainRecordController@destroyBatch,api; Illuminate\Auth\Middleware\Authenticate:sanctum
GET|HEAD,api/v1/dam/assets/{domain_record},App\Http\Controllers\Api\V1\DomainRecordController@show,api; Illuminate\Auth\Middleware\Authenticate:sanctum
PUT|PATCH,api/v1/dam/assets/{domain_record},App\Http\Controllers\Api\V1\DomainRecordController@update,api; Illuminate\Auth\Middleware\Authenticate:sanctum
DELETE,api/v1/dam/assets/{domain_record},App\Http\Controllers\Api\V1\DomainRecordController@destroy,api; Illuminate\Auth\Middleware\Authenticate:sanctum
GET|HEAD,api/v1/dam/data-tables,App\Http\Controllers\Api\V1\DamDataTableController@index,api; Illuminate\Auth\Middleware\Authenticate:sanctum
POST,api/v1/dam/data-tables,App\Http\Controllers\Api\V1\DamDataTableController@store,api; Illuminate\Auth\Middleware\Authenticate:sanctum
GET|HEAD,api/v1/dam/data-tables/rows-by-task,App\Http\Controllers\Api\V1\DamDataTableController@rowsByTask,api; Illuminate\Auth\Middleware\Authenticate:sanctum
GET|HEAD,api/v1/dam/data-tables/{data_table},App\Http\Controllers\Api\V1\DamDataTableController@show,api; Illuminate\Auth\Middleware\Authenticate:sanctum
PUT|PATCH,api/v1/dam/data-tables/{data_table},App\Http\Controllers\Api\V1\DamDataTableController@update,api; Illuminate\Auth\Middleware\Authenticate:sanctum
DELETE,api/v1/dam/data-tables/{data_table},App\Http\Controllers\Api\V1\DamDataTableController@destroy,api; Illuminate\Auth\Middleware\Authenticate:sanctum
POST,api/v1/dam/data-tables/{data_table}/rows,App\Http\Controllers\Api\V1\DamDataTableController@storeRow,api; Illuminate\Auth\Middleware\Authenticate:sanctum
PUT|PATCH,api/v1/dam/data-tables/{data_table}/rows/{row},App\Http\Controllers\Api\V1\DamDataTableController@updateRow,api; Illuminate\Auth\Middleware\Authenticate:sanctum
DELETE,api/v1/dam/data-tables/{data_table}/rows/{row},App\Http\Controllers\Api\V1\DamDataTableController@destroyRow,api; Illuminate\Auth\Middleware\Authenticate:sanctum
GET|HEAD,api/v1/dam/data-tables/{data_table}/rows/{row}/activities,App\Http\Controllers\Api\V1\DamDataTableController@rowActivities,api; Illuminate\Auth\Middleware\Authenticate:sanctum
GET|HEAD,api/v1/dam/folders,App\Http\Controllers\Api\V1\DomainRecordController@index,api; Illuminate\Auth\Middleware\Authenticate:sanctum
POST,api/v1/dam/folders,App\Http\Controllers\Api\V1\DomainRecordController@store,api; Illuminate\Auth\Middleware\Authenticate:sanctum
POST,api/v1/dam/folders/batch-delete,App\Http\Controllers\Api\V1\DomainRecordController@destroyBatch,api; Illuminate\Auth\Middleware\Authenticate:sanctum
GET|HEAD,api/v1/dam/folders/{domain_record},App\Http\Controllers\Api\V1\DomainRecordController@show,api; Illuminate\Auth\Middleware\Authenticate:sanctum
PUT|PATCH,api/v1/dam/folders/{domain_record},App\Http\Controllers\Api\V1\DomainRecordController@update,api; Illuminate\Auth\Middleware\Authenticate:sanctum
DELETE,api/v1/dam/folders/{domain_record},App\Http\Controllers\Api\V1\DomainRecordController@destroy,api; Illuminate\Auth\Middleware\Authenticate:sanctum
GET|HEAD,api/v1/dam/library,App\Http\Controllers\Api\V1\DamAssetController@index,api; Illuminate\Auth\Middleware\Authenticate:sanctum
POST,api/v1/dam/library,App\Http\Controllers\Api\V1\DamAssetController@store,api; Illuminate\Auth\Middleware\Authenticate:sanctum
GET|HEAD,api/v1/dam/library/activities,App\Http\Controllers\Api\V1\DamAssetController@activities,api; Illuminate\Auth\Middleware\Authenticate:sanctum
POST,api/v1/dam/library/bulk/archive,App\Http\Controllers\Api\V1\DamAssetController@bulkArchive,api; Illuminate\Auth\Middleware\Authenticate:sanctum
POST,api/v1/dam/library/bulk/move,App\Http\Controllers\Api\V1\DamAssetController@bulkMove,api; Illuminate\Auth\Middleware\Authenticate:sanctum
GET|HEAD,api/v1/dam/library/categories,App\Http\Controllers\Api\V1\DamTaxonomyController@categories,api; Illuminate\Auth\Middleware\Authenticate:sanctum
POST,api/v1/dam/library/categories,App\Http\Controllers\Api\V1\DamTaxonomyController@createCategory,api; Illuminate\Auth\Middleware\Authenticate:sanctum
PATCH,api/v1/dam/library/categories/{category},App\Http\Controllers\Api\V1\DamTaxonomyController@updateCategory,api; Illuminate\Auth\Middleware\Authenticate:sanctum
DELETE,api/v1/dam/library/categories/{category},App\Http\Controllers\Api\V1\DamTaxonomyController@destroyCategory,api; Illuminate\Auth\Middleware\Authenticate:sanctum
GET|HEAD,api/v1/dam/library/folders,App\Http\Controllers\Api\V1\DamTaxonomyController@folders,api; Illuminate\Auth\Middleware\Authenticate:sanctum
POST,api/v1/dam/library/folders,App\Http\Controllers\Api\V1\DamTaxonomyController@createFolder,api; Illuminate\Auth\Middleware\Authenticate:sanctum
PATCH,api/v1/dam/library/folders/{folder},App\Http\Controllers\Api\V1\DamTaxonomyController@updateFolder,api; Illuminate\Auth\Middleware\Authenticate:sanctum
DELETE,api/v1/dam/library/folders/{folder},App\Http\Controllers\Api\V1\DamTaxonomyController@destroyFolder,api; Illuminate\Auth\Middleware\Authenticate:sanctum
GET|HEAD,api/v1/dam/library/summary,App\Http\Controllers\Api\V1\DamAssetController@summary,api; Illuminate\Auth\Middleware\Authenticate:sanctum
GET|HEAD,api/v1/dam/library/{asset},App\Http\Controllers\Api\V1\DamAssetController@show,api; Illuminate\Auth\Middleware\Authenticate:sanctum
PATCH,api/v1/dam/library/{asset},App\Http\Controllers\Api\V1\DamAssetController@update,api; Illuminate\Auth\Middleware\Authenticate:sanctum
DELETE,api/v1/dam/library/{asset},App\Http\Controllers\Api\V1\DamAssetController@destroy,api; Illuminate\Auth\Middleware\Authenticate:sanctum
GET|HEAD,api/v1/dam/library/{asset}/download,App\Http\Controllers\Api\V1\DamAssetController@download,api; Illuminate\Auth\Middleware\Authenticate:sanctum
GET|HEAD,api/v1/dam/library/{asset}/preview,App\Http\Controllers\Api\V1\DamAssetController@preview,api; Illuminate\Auth\Middleware\Authenticate:sanctum
POST,api/v1/dam/library/{asset}/relations,App\Http\Controllers\Api\V1\DamAssetController@attach,api; Illuminate\Auth\Middleware\Authenticate:sanctum
POST,api/v1/dam/library/{asset}/restore,App\Http\Controllers\Api\V1\DamAssetController@restore,api; Illuminate\Auth\Middleware\Authenticate:sanctum
POST,api/v1/dam/library/{asset}/versions,App\Http\Controllers\Api\V1\DamAssetController@revise,api; Illuminate\Auth\Middleware\Authenticate:sanctum
POST,api/v1/dam/library/{asset}/versions/{version}/restore,App\Http\Controllers\Api\V1\DamAssetController@restoreVersion,api; Illuminate\Auth\Middleware\Authenticate:sanctum
GET|HEAD,api/v1/departments,App\Http\Controllers\Api\V1\DepartmentController@index,api; Illuminate\Auth\Middleware\Authenticate:sanctum
POST,api/v1/departments,App\Http\Controllers\Api\V1\DepartmentController@store,api; Illuminate\Auth\Middleware\Authenticate:sanctum; App\Http\Middleware\EnsureUserHasPermission:departments.create
PUT|PATCH,api/v1/departments/{department},App\Http\Controllers\Api\V1\DepartmentController@update,api; Illuminate\Auth\Middleware\Authenticate:sanctum; App\Http\Middleware\EnsureUserHasPermission:departments.edit
DELETE,api/v1/departments/{department},App\Http\Controllers\Api\V1\DepartmentController@destroy,api; Illuminate\Auth\Middleware\Authenticate:sanctum; App\Http\Middleware\EnsureUserHasPermission:departments.delete
GET|HEAD,api/v1/health,App\Http\Controllers\Api\V1\HealthController@api,api
GET|HEAD,api/v1/health/db,App\Http\Controllers\Api\V1\HealthController@db,api
GET|HEAD,api/v1/ideas,App\Http\Controllers\Api\V1\WorkspaceRecordController@index,api; Illuminate\Auth\Middleware\Authenticate:sanctum
POST,api/v1/ideas,App\Http\Controllers\Api\V1\WorkspaceRecordController@store,api; Illuminate\Auth\Middleware\Authenticate:sanctum
GET|HEAD,api/v1/ideas/{workspace_record},App\Http\Controllers\Api\V1\WorkspaceRecordController@show,api; Illuminate\Auth\Middleware\Authenticate:sanctum
PUT|PATCH,api/v1/ideas/{workspace_record},App\Http\Controllers\Api\V1\WorkspaceRecordController@update,api; Illuminate\Auth\Middleware\Authenticate:sanctum
DELETE,api/v1/ideas/{workspace_record},App\Http\Controllers\Api\V1\WorkspaceRecordController@destroy,api; Illuminate\Auth\Middleware\Authenticate:sanctum
GET|HEAD,api/v1/notifications,App\Http\Controllers\Api\V1\DomainRecordController@index,api; Illuminate\Auth\Middleware\Authenticate:sanctum
POST,api/v1/notifications,App\Http\Controllers\Api\V1\DomainRecordController@store,"api; Illuminate\Auth\Middleware\Authenticate:sanctum; Illuminate\Routing\Middleware\ThrottleRequests:60,1"
POST,api/v1/notifications/batch-delete,App\Http\Controllers\Api\V1\DomainRecordController@destroyBatch,api; Illuminate\Auth\Middleware\Authenticate:sanctum
GET|HEAD,api/v1/notifications/{domain_record},App\Http\Controllers\Api\V1\DomainRecordController@show,api; Illuminate\Auth\Middleware\Authenticate:sanctum
PUT|PATCH,api/v1/notifications/{domain_record},App\Http\Controllers\Api\V1\DomainRecordController@update,api; Illuminate\Auth\Middleware\Authenticate:sanctum
DELETE,api/v1/notifications/{domain_record},App\Http\Controllers\Api\V1\DomainRecordController@destroy,api; Illuminate\Auth\Middleware\Authenticate:sanctum
GET|HEAD,api/v1/project-templates,App\Http\Controllers\Api\V1\ProjectTemplateController@index,api; Illuminate\Auth\Middleware\Authenticate:sanctum
POST,api/v1/project-templates,App\Http\Controllers\Api\V1\ProjectTemplateController@store,api; Illuminate\Auth\Middleware\Authenticate:sanctum; App\Http\Middleware\EnsureUserHasPermission:projects.create
PUT|PATCH,api/v1/project-templates/{project_template},App\Http\Controllers\Api\V1\ProjectTemplateController@update,api; Illuminate\Auth\Middleware\Authenticate:sanctum; App\Http\Middleware\EnsureUserHasPermission:projects.create
DELETE,api/v1/project-templates/{project_template},App\Http\Controllers\Api\V1\ProjectTemplateController@destroy,api; Illuminate\Auth\Middleware\Authenticate:sanctum; App\Http\Middleware\EnsureUserHasPermission:projects.delete
GET|HEAD,api/v1/projects,App\Http\Controllers\Api\V1\ProjectController@index,api; Illuminate\Auth\Middleware\Authenticate:sanctum; App\Http\Middleware\EnsureUserHasPermission:projects.view
POST,api/v1/projects,App\Http\Controllers\Api\V1\ProjectController@store,api; Illuminate\Auth\Middleware\Authenticate:sanctum; App\Http\Middleware\EnsureUserHasPermission:projects.create
GET|HEAD,api/v1/projects/{project},App\Http\Controllers\Api\V1\ProjectController@show,api; Illuminate\Auth\Middleware\Authenticate:sanctum; App\Http\Middleware\EnsureUserHasPermission:projects.view
PUT|PATCH,api/v1/projects/{project},App\Http\Controllers\Api\V1\ProjectController@update,api; Illuminate\Auth\Middleware\Authenticate:sanctum; App\Http\Middleware\EnsureUserHasPermission:projects.edit
DELETE,api/v1/projects/{project},App\Http\Controllers\Api\V1\ProjectController@destroy,api; Illuminate\Auth\Middleware\Authenticate:sanctum; App\Http\Middleware\EnsureUserHasPermission:projects.delete
GET|HEAD,api/v1/roles,App\Http\Controllers\Api\V1\RoleController@index,api; Illuminate\Auth\Middleware\Authenticate:sanctum
POST,api/v1/roles,App\Http\Controllers\Api\V1\RoleController@store,api; Illuminate\Auth\Middleware\Authenticate:sanctum; App\Http\Middleware\EnsureUserHasPermission:roles.create
PUT|PATCH,api/v1/roles/{role},App\Http\Controllers\Api\V1\RoleController@update,"api; Illuminate\Auth\Middleware\Authenticate:sanctum; App\Http\Middleware\EnsureUserHasPermission:roles.edit,roles.manage_permissions"
DELETE,api/v1/roles/{role},App\Http\Controllers\Api\V1\RoleController@destroy,api; Illuminate\Auth\Middleware\Authenticate:sanctum; App\Http\Middleware\EnsureUserHasPermission:roles.delete
GET|HEAD,api/v1/secretariat-letters,App\Http\Controllers\Api\V1\WorkspaceRecordController@index,api; Illuminate\Auth\Middleware\Authenticate:sanctum
POST,api/v1/secretariat-letters,App\Http\Controllers\Api\V1\WorkspaceRecordController@store,api; Illuminate\Auth\Middleware\Authenticate:sanctum
GET|HEAD,api/v1/secretariat-letters/{workspace_record},App\Http\Controllers\Api\V1\WorkspaceRecordController@show,api; Illuminate\Auth\Middleware\Authenticate:sanctum
PUT|PATCH,api/v1/secretariat-letters/{workspace_record},App\Http\Controllers\Api\V1\WorkspaceRecordController@update,api; Illuminate\Auth\Middleware\Authenticate:sanctum
DELETE,api/v1/secretariat-letters/{workspace_record},App\Http\Controllers\Api\V1\WorkspaceRecordController@destroy,api; Illuminate\Auth\Middleware\Authenticate:sanctum
GET|HEAD,api/v1/secretariat-resolutions,App\Http\Controllers\Api\V1\WorkspaceRecordController@index,api; Illuminate\Auth\Middleware\Authenticate:sanctum
POST,api/v1/secretariat-resolutions,App\Http\Controllers\Api\V1\WorkspaceRecordController@store,api; Illuminate\Auth\Middleware\Authenticate:sanctum
GET|HEAD,api/v1/secretariat-resolutions/{workspace_record},App\Http\Controllers\Api\V1\WorkspaceRecordController@show,api; Illuminate\Auth\Middleware\Authenticate:sanctum
PUT|PATCH,api/v1/secretariat-resolutions/{workspace_record},App\Http\Controllers\Api\V1\WorkspaceRecordController@update,api; Illuminate\Auth\Middleware\Authenticate:sanctum
DELETE,api/v1/secretariat-resolutions/{workspace_record},App\Http\Controllers\Api\V1\WorkspaceRecordController@destroy,api; Illuminate\Auth\Middleware\Authenticate:sanctum
GET|HEAD,api/v1/settings,App\Http\Controllers\Api\V1\SystemSettingController@index,api; Illuminate\Auth\Middleware\Authenticate:sanctum
GET|HEAD,api/v1/settings/{key},App\Http\Controllers\Api\V1\SystemSettingController@show,api; Illuminate\Auth\Middleware\Authenticate:sanctum
PUT|PATCH,api/v1/settings/{key},App\Http\Controllers\Api\V1\SystemSettingController@update,api; Illuminate\Auth\Middleware\Authenticate:sanctum
GET|HEAD,api/v1/tasks,App\Http\Controllers\Api\V1\TaskController@index,api; Illuminate\Auth\Middleware\Authenticate:sanctum; App\Http\Middleware\EnsureUserHasPermission:tasks.view
POST,api/v1/tasks,App\Http\Controllers\Api\V1\TaskController@store,api; Illuminate\Auth\Middleware\Authenticate:sanctum; App\Http\Middleware\EnsureUserHasPermission:tasks.create
GET|HEAD,api/v1/tasks/{task},App\Http\Controllers\Api\V1\TaskController@show,api; Illuminate\Auth\Middleware\Authenticate:sanctum; App\Http\Middleware\EnsureUserHasPermission:tasks.view
PUT|PATCH,api/v1/tasks/{task},App\Http\Controllers\Api\V1\TaskController@update,"api; Illuminate\Auth\Middleware\Authenticate:sanctum; App\Http\Middleware\EnsureUserHasPermission:tasks.edit,tasks.assign,tasks.status"
DELETE,api/v1/tasks/{task},App\Http\Controllers\Api\V1\TaskController@destroy,api; Illuminate\Auth\Middleware\Authenticate:sanctum; App\Http\Middleware\EnsureUserHasPermission:tasks.delete
PATCH,api/v1/tasks/{task}/status,App\Http\Controllers\Api\V1\TaskController@updateStatus,api; Illuminate\Auth\Middleware\Authenticate:sanctum
GET|HEAD,api/v1/teams,App\Http\Controllers\Api\V1\TeamController@index,api; Illuminate\Auth\Middleware\Authenticate:sanctum
POST,api/v1/teams,App\Http\Controllers\Api\V1\TeamController@store,api; Illuminate\Auth\Middleware\Authenticate:sanctum; App\Http\Middleware\EnsureUserHasPermission:teams.create
PUT|PATCH,api/v1/teams/{team},App\Http\Controllers\Api\V1\TeamController@update,api; Illuminate\Auth\Middleware\Authenticate:sanctum; App\Http\Middleware\EnsureUserHasPermission:teams.edit
DELETE,api/v1/teams/{team},App\Http\Controllers\Api\V1\TeamController@destroy,api; Illuminate\Auth\Middleware\Authenticate:sanctum; App\Http\Middleware\EnsureUserHasPermission:teams.delete
GET|HEAD,api/v1/think-tank-meetings,App\Http\Controllers\Api\V1\WorkspaceRecordController@index,api; Illuminate\Auth\Middleware\Authenticate:sanctum
POST,api/v1/think-tank-meetings,App\Http\Controllers\Api\V1\WorkspaceRecordController@store,api; Illuminate\Auth\Middleware\Authenticate:sanctum
POST,api/v1/think-tank-meetings/{meeting}/actions/{action}/task,App\Http\Controllers\Api\V1\WorkspaceRecordController@convertAction,"api; Illuminate\Auth\Middleware\Authenticate:sanctum; Illuminate\Routing\Middleware\ThrottleRequests:30,1,meeting-action"
GET|HEAD,api/v1/think-tank-meetings/{workspace_record},App\Http\Controllers\Api\V1\WorkspaceRecordController@show,api; Illuminate\Auth\Middleware\Authenticate:sanctum
PUT|PATCH,api/v1/think-tank-meetings/{workspace_record},App\Http\Controllers\Api\V1\WorkspaceRecordController@update,api; Illuminate\Auth\Middleware\Authenticate:sanctum
DELETE,api/v1/think-tank-meetings/{workspace_record},App\Http\Controllers\Api\V1\WorkspaceRecordController@destroy,api; Illuminate\Auth\Middleware\Authenticate:sanctum
GET|HEAD,api/v1/users,App\Http\Controllers\Api\V1\UserController@index,api; Illuminate\Auth\Middleware\Authenticate:sanctum; App\Http\Middleware\EnsureUserHasPermission:users.view
POST,api/v1/users,App\Http\Controllers\Api\V1\UserController@store,api; Illuminate\Auth\Middleware\Authenticate:sanctum; App\Http\Middleware\EnsureUserHasPermission:users.create
GET|HEAD,api/v1/users/directory,App\Http\Controllers\Api\V1\UserController@directory,api; Illuminate\Auth\Middleware\Authenticate:sanctum
PUT|PATCH,api/v1/users/{user},App\Http\Controllers\Api\V1\UserController@update,api; Illuminate\Auth\Middleware\Authenticate:sanctum
DELETE,api/v1/users/{user},App\Http\Controllers\Api\V1\UserController@destroy,api; Illuminate\Auth\Middleware\Authenticate:sanctum; App\Http\Middleware\EnsureUserHasPermission:users.delete
POST,api/v1/users/{user}/avatar,App\Http\Controllers\Api\V1\UserController@avatar,api; Illuminate\Auth\Middleware\Authenticate:sanctum
